rl1,rl2,rl3,rl45,fishery,gear,f_type,n,rl1_desc,rl3_desc,reporting_agency,gear_name,FisheryID,comment
1,M,1,NW,10,11_5,troll,141641,AK,Southeast AK,ADFG,Traditional Troll,"",""
1,M,1,SE,20,11_3,net,50363,AK,Southeast AK,ADFG,Traditional Drift Gillnet,"",""
1,M,1,SW,10,11_5,troll,33663,AK,Southeast AK,ADFG,Traditional Troll,"",""
1,M,1,SE,10,11_5,troll,25357,AK,Southeast AK,ADFG,Traditional Troll,"",""
1,M,1,NE,20,11_3,net,23439,AK,Southeast AK,ADFG,Traditional Drift Gillnet,"",""
1,M,2,UC,28,11_4,net,19928,AK,Southcentral AK,ADFG,Traditional Set Gillnet,"",""
1,M,1,NE,10,11_5,troll,18057,AK,Southeast AK,ADFG,Traditional Troll,"",""
1,M,1,"",10,11_5,troll,17943,AK,Southeast AK,ADFG,Traditional Troll,"",""
1,F,1,NE,50,R_N,escp,14749,AK,Southeast AK,ADFG,Rack Returns,"",""
1,M,1,NE,91,21_N,,12472,AK,Southeast AK,NMFS,Hatchery Miscellaneous,"",""
1,F,1,SE,50,R_N,escp,12248,AK,Southeast AK,ADFG,Rack Returns,"",""
1,M,1,SE,91,21_N,,10810,AK,Southeast AK,NMFS,Hatchery Miscellaneous,"",""
1,M,1,SE,31,17_3,net,10653,AK,Southeast AK,ADFG,M.I.C. Drift Gillnet,"",""
1,M,2,UC,20,11_3,net,10390,AK,Southcentral AK,ADFG,Traditional Drift Gillnet,"",""
1,M,1,SW,25,11_1,net,9116,AK,Southeast AK,ADFG,Traditional Purse Seine,"",""
1,M,1,SE,25,11_1,net,6660,AK,Southeast AK,ADFG,Traditional Purse Seine,"",""
1,M,1,03,40,S1_N,sport,6450,AK,Southeast AK,NMFS,Marine Sport,"",""
1,M,1,NE,25,11_1,net,5911,AK,Southeast AK,ADFG,Traditional Purse Seine,"",""
1,F,1,NW,50,R_N,escp,5794,AK,Southeast AK,ADFG,Rack Returns,"",""
1,F,2,UC,79,J_N,,5728,AK,Southcentral AK,ADFG,Juvenile,"",""
1,M,1,06,40,S1_N,sport,4112,AK,Southeast AK,NMFS,Marine Sport,"",""
1,M,1,04,40,S1_N,sport,3795,AK,Southeast AK,NMFS,Marine Sport,"",""
1,F,1,SE,91,21_N,,3727,AK,Southeast AK,NMFS,Hatchery Miscellaneous,"",""
1,F,2,22,46,S2_N,sport,3158,AK,Southcentral AK,ADFG,Freshwater Sport (FF),"",""
1,M,2,PW,91,21_N,,3060,AK,Southcentral AK,NMFS,Hatchery Miscellaneous,"",""
1,F,1,SW,50,R_N,escp,3016,AK,Southeast AK,ADFG,Rack Returns,"",""
1,M,1,07,40,S1_N,sport,2668,AK,Southeast AK,NMFS,Marine Sport,"",""
1,M,2,PW,20,11_3,net,2543,AK,Southcentral AK,ADFG,Traditional Drift Gillnet,"",""
1,M,2,20,40,S1_N,sport,2455,AK,Southcentral AK,NMFS,Marine Sport,"",""
1,F,1,NE,54,E_N,escp,2112,AK,Southeast AK,ADFG,Escapement Survey,"",""
1,F,1,NW,54,E_N,escp,2026,AK,Southeast AK,ADFG,Escapement Survey,"",""
1,F,2,UC,54,E_N,escp,1651,AK,Southcentral AK,ADFG,Escapement Survey,"",""
1,M,1,NW,25,11_1,net,1574,AK,Southeast AK,ADFG,Traditional Purse Seine,"",""
1,F,1,NE,91,21_N,,1561,AK,Southeast AK,NMFS,Hatchery Miscellaneous,"",""
1,F,2,UC,50,R_N,escp,1542,AK,Southcentral AK,ADFG,Rack Returns,"",""
1,F,1,SW,91,21_N,,1510,AK,Southeast AK,NMFS,Hatchery Miscellaneous,"",""
1,F,1,NE,91,2_N,,1452,AK,Southeast AK,ADFG,Hatchery Miscellaneous,"",""
1,M,2,18,40,S1_N,sport,1446,AK,Southcentral AK,NMFS,Marine Sport,"",""
1,M,2,PW,25,11_1,net,1410,AK,Southcentral AK,ADFG,Traditional Purse Seine,"",""
1,M,1,SE,90,1_N,,1174,AK,Southeast AK,ADFG,Multiple Fisheries,"",""
1,M,1,SE,30,17_1,net,1101,AK,Southeast AK,ADFG,M.I.C. Purse Seine,"",""
1,M,2,PW,90,11_N,,1070,AK,Southcentral AK,ADFG,Traditional Multiple/Unknown gear,"",""
1,F,1,SE,54,E_N,escp,1043,AK,Southeast AK,ADFG,Escapement Survey,"",""
1,M,1,"",25,11_1,net,1004,AK,Southeast AK,ADFG,Traditional Purse Seine,"",""
1,M,1,NW,26,12_1,net,988,AK,Southeast AK,ADFG,Terminal Area Purse Seine,"",""
1,M,1,NE,91,2_N,,922,AK,Southeast AK,ADFG,Hatchery Miscellaneous,"",""
1,F,1,SW,54,E_N,escp,875,AK,Southeast AK,ADFG,Escapement Survey,"",""
1,M,1,NW,22,12_3,net,811,AK,Southeast AK,ADFG,Terminal Area Drift Gillnet,"",""
1,M,1,SE,22,12_3,net,719,AK,Southeast AK,ADFG,Terminal Area Drift Gillnet,"",""
1,M,1,SE,11,13_5,troll,662,AK,Southeast AK,ADFG,Experimental Area Troll,"",""
1,F,2,PW,50,R_N,escp,660,AK,Southcentral AK,ADFG,Rack Returns,"",""
1,F,1,NE,99,37_N,,640,AK,Southeast AK,ADFG,Donated Catch,"",""
1,F,1,NE,50,50,escp,609,AK,Southeast AK,CDFW,Hatchery,"",""
1,M,2,LC,49,P_N,sport,601,AK,Southcentral AK,ADFG,Personal Use,"",""
1,F,1,NW,28,11_4,net,593,AK,Southeast AK,ADFG,Traditional Set Gillnet,"",""
1,M,2,UC,90,11_N,,575,AK,Southcentral AK,ADFG,Traditional Multiple/Unknown gear,"",""
1,M,2,LC,56,U_N,escp,558,AK,Southcentral AK,ADFG,Subsistence,"",""
1,F,2,DC,46,S2_N,sport,544,AK,Southcentral AK,ADFG,Freshwater Sport (FF),"",""
1,M,1,NW,91,21_N,,534,AK,Southeast AK,NMFS,Hatchery Miscellaneous,"",""
1,F,2,95,46,S2_N,sport,513,AK,Southcentral AK,ADFG,Freshwater Sport (FF),"",""
1,M,1,SE,26,12_1,net,484,AK,Southeast AK,ADFG,Terminal Area Purse Seine,"",""
1,M,1,02,40,S1_N,sport,480,AK,Southeast AK,NMFS,Marine Sport,"",""
1,M,1,"",90,11_N,,461,AK,Southeast AK,ADFG,Traditional Multiple/Unknown gear,"",""
1,M,2,18,48,S3_N,sport,459,AK,Southcentral AK,ADFG,Terminal Sport (TF),"",""
1,F,1,04,48,S3_N,sport,437,AK,Southeast AK,ADFG,Terminal Sport (TF),"",""
1,F,2,LC,54,E_N,escp,395,AK,Southcentral AK,ADFG,Escapement Survey,"",""
1,F,1,NE,79,J_N,,288,AK,Southeast AK,ADFG,Juvenile,"",""
1,M,1,EC,40,S1_N,sport,273,AK,Southeast AK,NMFS,Marine Sport,"",""
1,M,1,NE,26,12_1,net,260,AK,Southeast AK,ADFG,Terminal Area Purse Seine,"",""
1,M,2,23,40,S1_N,sport,258,AK,Southcentral AK,NMFS,Marine Sport,"",""
1,F,1,04,46,S2_N,sport,255,AK,Southeast AK,ADFG,Freshwater Sport (FF),"",""
1,M,1,SW,91,21_N,,248,AK,Southeast AK,NMFS,Hatchery Miscellaneous,"",""
1,F,2,28,46,S2_N,sport,234,AK,Southcentral AK,ADFG,Freshwater Sport (FF),"",""
1,M,1,"",90,1_N,,229,AK,Southeast AK,ADFG,Multiple Fisheries,"",""
1,M,1,04,48,S3_N,sport,214,AK,Southeast AK,ADFG,Terminal Sport (TF),"",""
1,M,1,NW,11,13_5,troll,200,AK,Southeast AK,ADFG,Experimental Area Troll,"",""
1,M,1,NW,74,74,,192,AK,Southeast AK,NMFS,Juvenile Sampling - Trawl,"",""
1,M,1,SE,90,17_N,,189,AK,Southeast AK,ADFG,Aboriginal Multiple/Unknown gear,"",""
1,F,1,SE,49,P_N,sport,175,AK,Southeast AK,ADFG,Personal Use,"",""
1,F,3,YU,50,R_N,escp,172,AK,Arctic-Yukon,ADFG,Rack Returns,"",""
1,M,1,NE,74,74,,166,AK,Southeast AK,NMFS,Juvenile Sampling - Trawl,"",""
1,M,1,NE,16,12_5,troll,165,AK,Southeast AK,ADFG,Terminal Area Troll,"",""
1,M,1,14,40,S1_N,sport,162,AK,Southeast AK,NMFS,Marine Sport,"",""
1,F,1,NE,91,22_N,,157,AK,Southeast AK,ADFG,PNP Hatchery Carcasses,"",""
1,F,2,LC,50,R_N,escp,157,AK,Southcentral AK,ADFG,Rack Returns,"",""
1,F,1,21,46,S2_N,sport,138,AK,Southeast AK,ADFG,Freshwater Sport (FF),"",""
1,M,1,"",99,O_N,,126,AK,Southeast AK,ADFG,Other,"",""
1,M,1,NW,28,11_4,net,117,AK,Southeast AK,ADFG,Traditional Set Gillnet,"",""
1,M,1,NE,90,1_N,,112,AK,Southeast AK,ADFG,Multiple Fisheries,"",""
1,M,1,NE,11,13_5,troll,106,AK,Southeast AK,ADFG,Experimental Area Troll,"",""
1,M,1,05,40,S1_N,sport,97,AK,Southeast AK,NMFS,Marine Sport,"",""
1,M,1,SE,16,12_5,troll,93,AK,Southeast AK,ADFG,Terminal Area Troll,"",""
1,M,1,NW,90,1_N,,92,AK,Southeast AK,ADFG,Multiple Fisheries,"",""
1,M,1,SE,94,17_0,,90,AK,Southeast AK,ADFG,M.I.C. Trap,"",""
1,M,1,NE,99,37_N,,89,AK,Southeast AK,ADFG,Donated Catch,"",""
1,F,1,06,46,S2_N,sport,77,AK,Southeast AK,ADFG,Freshwater Sport (FF),"",""
1,M,1,SE,18,17_5,troll,77,AK,Southeast AK,ADFG,M.I.C. Troll,"",""
1,M,1,NW,99,37_N,,70,AK,Southeast AK,ADFG,Donated Catch,"",""
1,M,1,"",20,11_3,net,69,AK,Southeast AK,ADFG,Traditional Drift Gillnet,"",""
1,M,1,NW,50,R_N,escp,62,AK,Southeast AK,ADFG,Rack Returns,"",""
1,M,2,UC,64,42_N,,62,AK,Southcentral AK,ADFG,Test Fish Special Study,"",""
1,M,2,24,48,S3_N,sport,60,AK,Southcentral AK,ADFG,Terminal Sport (TF),"",""
1,M,1,NW,16,12_5,troll,57,AK,Southeast AK,ADFG,Terminal Area Troll,"",""
1,F,2,DT,46,S2_N,sport,53,AK,Southcentral AK,ADFG,Freshwater Sport (FF),"",""
1,M,1,12,40,S1_N,sport,49,AK,Southeast AK,NMFS,Marine Sport,"",""
1,M,1,SE,90,11_N,,46,AK,Southeast AK,ADFG,Traditional Multiple/Unknown gear,"",""
1,F,1,16,46,S2_N,sport,44,AK,Southeast AK,ADFG,Freshwater Sport (FF),"",""
1,M,1,NE,70,05,,43,AK,Southeast AK,NMFS,Juvenile Sampling - Troll,"",""
1,M,1,NE,99,33_N,,42,AK,Southeast AK,ADFG,Discarded Catch,"",""
1,M,1,57,40,S1_N,sport,32,AK,Southeast AK,NMFS,Marine Sport,"",""
1,M,1,21,40,S1_N,sport,29,AK,Southeast AK,NMFS,Marine Sport,"",""
1,M,2,LC,25,11_1,net,27,AK,Southcentral AK,ADFG,Traditional Purse Seine,"",""
1,M,1,34,40,S1_N,sport,26,AK,Southeast AK,NMFS,Marine Sport,"",""
1,M,1,SE,64,41_N,,26,AK,Southeast AK,ADFG,Test Fish Run Strength,"",""
1,M,1,55,40,S1_N,sport,25,AK,Southeast AK,NMFS,Marine Sport,"",""
1,F,1,SE,56,U_N,escp,24,AK,Southeast AK,ADFG,Subsistence,"",""
1,F,1,SE,99,37_N,,24,AK,Southeast AK,ADFG,Donated Catch,"",""
1,F,1,NE,99,O_N,,23,AK,Southeast AK,ADFG,Other,"",""
1,F,1,SE,99,O_N,,20,AK,Southeast AK,ADFG,Other,"",""
1,M,1,NE,50,R_N,escp,20,AK,Southeast AK,ADFG,Rack Returns,"",""
1,M,1,"",91,21_N,,18,AK,Southeast AK,NMFS,Hatchery Miscellaneous,"",""
1,M,2,PW,91,22_N,,18,AK,Southcentral AK,ADFG,PNP Hatchery Carcasses,"",""
1,M,1,SE,74,74,,16,AK,Southeast AK,NMFS,Juvenile Sampling - Trawl,"",""
1,M,1,"",11,13_5,troll,15,AK,Southeast AK,ADFG,Experimental Area Troll,"",""
1,M,1,NW,70,05,,15,AK,Southeast AK,NMFS,Juvenile Sampling - Troll,"",""
1,M,2,UC,49,P_N,sport,15,AK,Southcentral AK,ADFG,Personal Use,"",""
1,F,1,14,46,S2_N,sport,14,AK,Southeast AK,ADFG,Freshwater Sport (FF),"",""
1,M,1,NW,20,11_3,net,14,AK,Southeast AK,ADFG,Traditional Drift Gillnet,"",""
1,F,1,NE,79,,,13,AK,Southeast AK,,,"",""
1,M,1,33,40,S1_N,sport,13,AK,Southeast AK,NMFS,Marine Sport,"",""
1,M,2,28,40,S1_N,sport,13,AK,Southcentral AK,NMFS,Marine Sport,"",""
1,F,1,SE,79,J_N,,12,AK,Southeast AK,ADFG,Juvenile,"",""
1,M,1,"",50,R_N,escp,12,AK,Southeast AK,ADFG,Rack Returns,"",""
1,M,1,52,40,S1_N,sport,12,AK,Southeast AK,NMFS,Marine Sport,"",""
1,F,1,NE,70,05,,10,AK,Southeast AK,NMFS,Juvenile Sampling - Troll,"",""
1,M,1,SW,70,05,,10,AK,Southeast AK,NMFS,Juvenile Sampling - Troll,"",""
1,M,1,NE,64,41_N,,9,AK,Southeast AK,ADFG,Test Fish Run Strength,"",""
1,M,2,"",99,O_N,,9,AK,Southcentral AK,ADFG,Other,"",""
1,M,2,17,40,S1_N,sport,9,AK,Southcentral AK,NMFS,Marine Sport,"",""
1,M,2,61,40,S1_N,sport,8,AK,Southcentral AK,NMFS,Marine Sport,"",""
1,M,2,UC,79,J_N,,8,AK,Southcentral AK,ADFG,Juvenile,"",""
1,M,2,UC,95,18_4,,8,AK,Southcentral AK,ADFG,Confiscated Set Gillnet,"",""
1,F,1,EG,46,S2_N,sport,7,AK,Southeast AK,ADFG,Freshwater Sport (FF),"",""
1,M,1,NW,90,11_N,,7,AK,Southeast AK,ADFG,Traditional Multiple/Unknown gear,"",""
1,M,1,NW,99,O_N,,7,AK,Southeast AK,ADFG,Other,"",""
1,M,2,PW,90,1_N,,7,AK,Southcentral AK,ADFG,Multiple Fisheries,"",""
1,M,1,AH,40,S1_N,sport,6,AK,Southeast AK,NMFS,Marine Sport,"",""
1,M,2,22,40,S1_N,sport,6,AK,Southcentral AK,NMFS,Marine Sport,"",""
1,M,2,24,40,S1_N,sport,6,AK,Southcentral AK,NMFS,Marine Sport,"",""
1,F,1,03,46,S2_N,sport,5,AK,Southeast AK,ADFG,Freshwater Sport (FF),"",""
1,F,1,NW,79,J_N,,5,AK,Southeast AK,ADFG,Juvenile,"",""
1,F,3,NS,54,E_N,escp,5,AK,Arctic-Yukon,ADFG,Escapement Survey,"",""
1,M,1,AB,40,S1_N,sport,5,AK,Southeast AK,NMFS,Marine Sport,"",""
1,M,1,SE,70,05,,5,AK,Southeast AK,NMFS,Juvenile Sampling - Troll,"",""
1,M,2,95,40,S1_N,sport,5,AK,Southcentral AK,NMFS,Marine Sport,"",""
1,M,2,PW,99,37_N,,5,AK,Southcentral AK,ADFG,Donated Catch,"",""
1,M,2,UC,99,37_N,,5,AK,Southcentral AK,ADFG,Donated Catch,"",""
1,F,1,80,46,S2_N,sport,4,AK,Southeast AK,ADFG,Freshwater Sport (FF),"",""
1,F,2,UC,49,P_N,sport,4,AK,Southcentral AK,ADFG,Personal Use,"",""
1,M,1,"",28,11_4,net,4,AK,Southeast AK,ADFG,Traditional Set Gillnet,"",""
1,M,1,66,40,S1_N,sport,4,AK,Southeast AK,NMFS,Marine Sport,"",""
1,M,1,NE,22,12_3,net,4,AK,Southeast AK,ADFG,Terminal Area Drift Gillnet,"",""
1,M,1,SE,28,11_4,net,4,AK,Southeast AK,ADFG,Traditional Set Gillnet,"",""
1,M,1,SW,90,11_N,,4,AK,Southeast AK,ADFG,Traditional Multiple/Unknown gear,"",""
1,M,2,"",90,11_N,,4,AK,Southcentral AK,ADFG,Traditional Multiple/Unknown gear,"",""
1,M,2,15,40,S1_N,sport,4,AK,Southcentral AK,NMFS,Marine Sport,"",""
1,M,2,47,40,S1_N,sport,4,AK,Southcentral AK,NMFS,Marine Sport,"",""
1,M,2,DT,40,S1_N,sport,4,AK,Southcentral AK,NMFS,Marine Sport,"",""
1,F,2,17,46,S2_N,sport,3,AK,Southcentral AK,ADFG,Freshwater Sport (FF),"",""
1,F,2,61,46,S2_N,sport,3,AK,Southcentral AK,ADFG,Freshwater Sport (FF),"",""
1,F,3,YU,64,41_N,,3,AK,Arctic-Yukon,ADFG,Test Fish Run Strength,"",""
1,M,1,NE,64,42_N,,3,AK,Southeast AK,ADFG,Test Fish Special Study,"",""
1,M,1,NE,79,J_N,,3,AK,Southeast AK,ADFG,Juvenile,"",""
1,M,1,SW,26,12_1,net,3,AK,Southeast AK,ADFG,Terminal Area Purse Seine,"",""
1,M,2,"",25,11_1,net,3,AK,Southcentral AK,ADFG,Traditional Purse Seine,"",""
1,M,4,"",25,11_1,net,3,AK,Westward AK,ADFG,Traditional Purse Seine,"",""
1,F,1,52,46,S2_N,sport,2,AK,Southeast AK,ADFG,Freshwater Sport (FF),"",""
1,F,1,NE,56,U_N,escp,2,AK,Southeast AK,ADFG,Subsistence,"",""
1,F,1,NE,71,04,,2,AK,Southeast AK,NMFS,Juvenile Sampling - Gillnet,"",""
1,F,2,47,46,S2_N,sport,2,AK,Southcentral AK,ADFG,Freshwater Sport (FF),"",""
1,F,2,PW,54,E_N,escp,2,AK,Southcentral AK,ADFG,Escapement Survey,"",""
1,F,3,YU,90,11_N,,2,AK,Arctic-Yukon,ADFG,Traditional Multiple/Unknown gear,"",""
1,F,4,19,46,S2_N,sport,2,AK,Westward AK,ADFG,Freshwater Sport (FF),"",""
1,M,1,"",90,17_N,,2,AK,Southeast AK,ADFG,Aboriginal Multiple/Unknown gear,"",""
1,M,1,16,40,S1_N,sport,2,AK,Southeast AK,NMFS,Marine Sport,"",""
1,M,1,27,40,S1_N,sport,2,AK,Southeast AK,NMFS,Marine Sport,"",""
1,M,1,42,40,S1_N,sport,2,AK,Southeast AK,NMFS,Marine Sport,"",""
1,M,1,49,40,S1_N,sport,2,AK,Southeast AK,NMFS,Marine Sport,"",""
1,M,1,NE,71,04,,2,AK,Southeast AK,NMFS,Juvenile Sampling - Gillnet,"",""
1,M,1,SW,11,13_5,troll,2,AK,Southeast AK,ADFG,Experimental Area Troll,"",""
1,M,2,PW,90,12_N,,2,AK,Southcentral AK,ADFG,Terminal Area Multiple/Unknown gear,"",""
1,M,2,PW,99,33_N,,2,AK,Southcentral AK,ADFG,Discarded Catch,"",""
1,M,2,PW,99,O_N,,2,AK,Southcentral AK,ADFG,Other,"",""
1,M,4,KD,25,11_1,net,2,AK,Westward AK,ADFG,Traditional Purse Seine,"",""
1,F,1,05,46,S2_N,sport,1,AK,Southeast AK,ADFG,Freshwater Sport (FF),"",""
1,F,1,42,46,S2_N,sport,1,AK,Southeast AK,ADFG,Freshwater Sport (FF),"",""
1,F,1,EC,46,S2_N,sport,1,AK,Southeast AK,ADFG,Freshwater Sport (FF),"",""
1,F,1,NE,48,76,sport,1,AK,Southeast AK,NMFS,Terminal Sport,"",""
1,F,1,NE,64,41_N,,1,AK,Southeast AK,ADFG,Test Fish Run Strength,"",""
1,F,1,SW,99,33_N,,1,AK,Southeast AK,ADFG,Discarded Catch,"",""
1,F,2,"",54,E_N,escp,1,AK,Southcentral AK,ADFG,Escapement Survey,"",""
1,F,2,15,46,S2_N,sport,1,AK,Southcentral AK,ADFG,Freshwater Sport (FF),"",""
1,F,2,18,46,S2_N,sport,1,AK,Southcentral AK,ADFG,Freshwater Sport (FF),"",""
1,F,2,23,46,S2_N,sport,1,AK,Southcentral AK,ADFG,Freshwater Sport (FF),"",""
1,M,1,01,40,S1_N,sport,1,AK,Southeast AK,NMFS,Marine Sport,"",""
1,M,1,13,40,S1_N,sport,1,AK,Southeast AK,NMFS,Marine Sport,"",""
1,M,1,50,40,S1_N,sport,1,AK,Southeast AK,NMFS,Marine Sport,"",""
1,M,1,67,40,S1_N,sport,1,AK,Southeast AK,NMFS,Marine Sport,"",""
1,M,1,89,40,S1_N,sport,1,AK,Southeast AK,NMFS,Marine Sport,"",""
1,M,1,DF,40,S1_N,sport,1,AK,Southeast AK,NMFS,Marine Sport,"",""
1,M,1,EB,40,S1_N,sport,1,AK,Southeast AK,NMFS,Marine Sport,"",""
1,M,1,NE,28,11_4,net,1,AK,Southeast AK,ADFG,Traditional Set Gillnet,"",""
1,M,1,NE,56,U_N,escp,1,AK,Southeast AK,ADFG,Subsistence,"",""
1,M,1,NE,90,11_N,,1,AK,Southeast AK,ADFG,Traditional Multiple/Unknown gear,"",""
1,M,1,NW,64,41_N,,1,AK,Southeast AK,ADFG,Test Fish Run Strength,"",""
1,M,1,SE,49,P_N,sport,1,AK,Southeast AK,ADFG,Personal Use,"",""
1,M,1,SW,20,11_3,net,1,AK,Southeast AK,ADFG,Traditional Drift Gillnet,"",""
1,M,2,44,40,S1_N,sport,1,AK,Southcentral AK,NMFS,Marine Sport,"",""
1,M,2,PW,26,12_1,net,1,AK,Southcentral AK,ADFG,Terminal Area Purse Seine,"",""
1,M,2,PW,28,11_4,net,1,AK,Southcentral AK,ADFG,Traditional Set Gillnet,"",""
1,M,2,PW,64,41_N,,1,AK,Southcentral AK,ADFG,Test Fish Run Strength,"",""
1,M,2,PW,64,42_N,,1,AK,Southcentral AK,ADFG,Test Fish Special Study,"",""
1,M,2,PW,79,J_N,,1,AK,Southcentral AK,ADFG,Juvenile,"",""
1,M,4,KD,56,U_N,escp,1,AK,Westward AK,ADFG,Subsistence,"",""
2,F,S,99,50,,escp,122384,BC,S of Cape Caution,,,"",""
2,M,S,02,10,33,troll,39131,BC,S of Cape Caution,CDFO,Troll - Ice Boat,"",""
2,M,S,22,40,07,sport,34262,BC,S of Cape Caution,CDFO,Rod and Reel,"",""
2,M,S,02,10,30,troll,33424,BC,S of Cape Caution,CDFO,Troll - General,"",""
2,F,S,99,54,,escp,23933,BC,S of Cape Caution,,,"",""
2,M,S,01,10,30,troll,20047,BC,S of Cape Caution,CDFO,Troll - General,"",""
2,M,S,01,10,33,troll,15689,BC,S of Cape Caution,CDFO,Troll - Ice Boat,"",""
2,M,N,06,10,33,troll,14644,BC,N of Cape Caution,CDFO,Troll - Ice Boat,"",""
2,M,S,13,23,20,net,12738,BC,S of Cape Caution,WDFW,Reef Net,"",""
2,M,S,04,10,30,troll,7499,BC,S of Cape Caution,CDFO,Troll - General,"",""
2,F,N,99,54,,escp,6049,BC,N of Cape Caution,,,"",""
2,M,S,23,40,07,sport,6031,BC,S of Cape Caution,CDFO,Rod and Reel,"",""
2,M,S,11,23,20,net,5808,BC,S of Cape Caution,WDFW,Reef Net,"",""
2,M,N,57,10,33,troll,5557,BC,N of Cape Caution,CDFO,Troll - Ice Boat,"",""
2,M,S,24,40,07,sport,4919,BC,S of Cape Caution,CDFO,Rod and Reel,"",""
2,M,S,04,10,33,troll,4863,BC,S of Cape Caution,CDFO,Troll - Ice Boat,"",""
2,M,S,27,40,07,sport,4505,BC,S of Cape Caution,CDFO,Rod and Reel,"",""
2,M,N,06,10,31,troll,4152,BC,N of Cape Caution,CDFO,Troll - Freezer Boat,"",""
2,M,S,02,10,32,troll,4145,BC,S of Cape Caution,CDFO,Troll - Day Boat,"",""
2,M,N,12,23,20,net,3960,BC,N of Cape Caution,WDFW,Reef Net,"",""
2,F, ,29,46,07,sport,3828,BC,,CDFO,Rod and Reel,"",""
2,M,N,09,23,20,net,3310,BC,N of Cape Caution,WDFW,Reef Net,"",""
2,M,N,09,23,10,net,2413,BC,N of Cape Caution,WDFW,Hook & Line,"",""
2,M,N,25,40,07,sport,2305,BC,N of Cape Caution,CDFO,Rod and Reel,"",""
2,M,*,60,23,15,net,2228,BC,,CDFO,Mixed Net,"",""
2,M,S,04,10,32,troll,2143,BC,S of Cape Caution,CDFO,Troll - Day Boat,"",""
2,M,N,26,40,07,sport,2075,BC,N of Cape Caution,CDFO,Rod and Reel,"",""
2,M,S,11,23,15,net,1929,BC,S of Cape Caution,CDFO,Mixed Net,"",""
2,M,S,13,23,15,net,1809,BC,S of Cape Caution,CDFO,Mixed Net,"",""
2,M,N,12,23,15,net,1745,BC,N of Cape Caution,CDFO,Mixed Net,"",""
2,M,S,01,10,32,troll,1732,BC,S of Cape Caution,CDFO,Troll - Day Boat,"",""
2,M,S,13,23,10,net,1717,BC,S of Cape Caution,WDFW,Hook & Line,"",""
2,M,N,09,23,15,net,1633,BC,N of Cape Caution,CDFO,Mixed Net,"",""
2,M,N,57,10,30,troll,1477,BC,N of Cape Caution,CDFO,Troll - General,"",""
2,F,N,99,50,,escp,1373,BC,N of Cape Caution,,,"",""
2,M,N,06,10,32,troll,1249,BC,N of Cape Caution,CDFO,Troll - Day Boat,"",""
2,M,N,06,10,30,troll,1197,BC,N of Cape Caution,CDFO,Troll - General,"",""
2,M,S,21,23,20,net,1066,BC,S of Cape Caution,WDFW,Reef Net,"",""
2,M,S,08,20,10,net,1052,BC,S of Cape Caution,CDFO,Gillnet,"",""
2,M,S,24,42,95,sport,1011,BC,S of Cape Caution,WDFW,Marine Sport,"",""
2,M,S,02,10,31,troll,866,BC,S of Cape Caution,CDFO,Troll - Freezer Boat,"",""
2,M,S,11,23,10,net,787,BC,S of Cape Caution,WDFW,Hook & Line,"",""
2,M,S,10,23,10,net,766,BC,S of Cape Caution,WDFW,Hook & Line,"",""
2,M,N,56,10,33,troll,753,BC,N of Cape Caution,CDFO,Troll - Ice Boat,"",""
2,M,N,12,23,10,net,717,BC,N of Cape Caution,WDFW,Hook & Line,"",""
2,M,S,10,23,20,net,598,BC,S of Cape Caution,WDFW,Reef Net,"",""
2,M,*,60,23,20,net,422,BC,,WDFW,Reef Net,"",""
2,M,S,21,23,10,net,389,BC,S of Cape Caution,WDFW,Hook & Line,"",""
2,F,S,75,23,10,net,358,BC,S of Cape Caution,WDFW,Hook & Line,"",""
2,M,S,61,40,07,sport,337,BC,S of Cape Caution,CDFO,Rod and Reel,"",""
2,M,S,17,10,33,troll,244,BC,S of Cape Caution,CDFO,Troll - Ice Boat,"",""
2,M,S,28,40,07,sport,235,BC,S of Cape Caution,CDFO,Rod and Reel,"",""
2,M,S,62,40,07,sport,225,BC,S of Cape Caution,CDFO,Rod and Reel,"",""
2,F,N,TK,24,10,net,165,BC,N of Cape Caution,CCT,Hook & Line,"",""
2,M,S,AI,23,10,net,148,BC,S of Cape Caution,WDFW,Hook & Line,"",""
2,M,S,24,41,95,sport,146,BC,S of Cape Caution,WDFW,Marine Sport,"",""
2,M,S,01,10,31,troll,135,BC,S of Cape Caution,CDFO,Troll - Freezer Boat,"",""
2,M,*,60,23,10,net,133,BC,,WDFW,Hook & Line,"",""
2,F,S,74,23,10,net,131,BC,S of Cape Caution,WDFW,Hook & Line,"",""
2,M, ,15,10,33,troll,124,BC,,CDFO,Troll - Ice Boat,"",""
2,M,S,20,23,20,net,119,BC,S of Cape Caution,WDFW,Reef Net,"",""
2,M,*,47,23,20,net,115,BC,,WDFW,Reef Net,"",""
2,M,S,20,23,10,net,109,BC,S of Cape Caution,WDFW,Hook & Line,"",""
2,M,N,56,10,31,troll,105,BC,N of Cape Caution,CDFO,Troll - Freezer Boat,"",""
2,M,S,58,25,20,net,100,BC,S of Cape Caution,CDFO,Seine,"",""
2,M,S,AI,23,20,net,95,BC,S of Cape Caution,WDFW,Reef Net,"",""
2,M,S,21,23,15,net,89,BC,S of Cape Caution,CDFO,Mixed Net,"",""
2,M,S,10,23,15,net,81,BC,S of Cape Caution,CDFO,Mixed Net,"",""
2,M,N,56,10,30,troll,71,BC,N of Cape Caution,CDFO,Troll - General,"",""
2,M,S,20,23,15,net,67,BC,S of Cape Caution,CDFO,Mixed Net,"",""
2,F,N,36,23,10,net,64,BC,N of Cape Caution,WDFW,Hook & Line,"",""
2,M,S,TS,18,33,troll,56,BC,S of Cape Caution,CDFO,Troll - Ice Boat,"",""
2,M,N,57,10,32,troll,52,BC,N of Cape Caution,CDFO,Troll - Day Boat,"",""
2,F,N,ST,24,10,net,51,BC,N of Cape Caution,CCT,Hook & Line,"",""
2,M, ,BM,49,07,sport,50,BC,,CDFO,Rod and Reel,"",""
2,M,S,24,40,95,sport,47,BC,S of Cape Caution,WDFW,Marine Sport,"",""
2,M,S,TN,18,33,troll,47,BC,S of Cape Caution,CDFO,Troll - Ice Boat,"",""
2,M,S,AF,32,10,net,41,BC,S of Cape Caution,CDFO,Gillnet,"",""
2,M,*,47,23,10,net,35,BC,,WDFW,Hook & Line,"",""
2,M,N,18,10,33,troll,24,BC,N of Cape Caution,CDFO,Troll - Ice Boat,"",""
2,M,S,17,10,30,troll,23,BC,S of Cape Caution,CDFO,Troll - General,"",""
2,F,S,78,32,70,net,18,BC,S of Cape Caution,CDFO,Beach Seine,"",""
2,M,N,SK,61,10,,17,BC,N of Cape Caution,CDFO,Gillnet,"",""
2,M,S,13,61,10,,13,BC,S of Cape Caution,CDFO,Gillnet,"",""
2,M, ,19,23,20,net,9,BC,,WDFW,Reef Net,"",""
2,M,S,11,61,10,,9,BC,S of Cape Caution,CDFO,Gillnet,"",""
2,M,S,70,31,10,net,9,BC,S of Cape Caution,CDFO,Gillnet,"",""
2,M,N,50,23,20,net,8,BC,N of Cape Caution,WDFW,Reef Net,"",""
2,M,N,33,23,20,net,7,BC,N of Cape Caution,WDFW,Reef Net,"",""
2,M,N,57,10,31,troll,7,BC,N of Cape Caution,CDFO,Troll - Freezer Boat,"",""
2,M, ,19,23,10,net,6,BC,,WDFW,Hook & Line,"",""
2,F,N,ST,24,11,net,5,BC,N of Cape Caution,CCT,Dip Bag Net,"",""
2,M,N,36,23,10,net,5,BC,N of Cape Caution,WDFW,Hook & Line,"",""
2,F,S,78,32,00,net,4,BC,S of Cape Caution,CDFO,Unspecified Net,"",""
2,M, ,BM,39,10,net,4,BC,,CDFO,Gillnet,"",""
2,F, ,BF,39,10,net,3,BC,,CDFO,Gillnet,"",""
2,F, ,BF,49,07,sport,3,BC,,CDFO,Rod and Reel,"",""
2,M,N,33,23,10,net,3,BC,N of Cape Caution,WDFW,Hook & Line,"",""
2,F,N,42,32,13,net,2,BC,N of Cape Caution,CDFO,Drift Net,"",""
2,F,S,78,32,13,net,2,BC,S of Cape Caution,CDFO,Drift Net,"",""
2,M, ,19,23,15,net,2,BC,,CDFO,Mixed Net,"",""
2,F,N,TK,39,10,net,1,BC,N of Cape Caution,CDFO,Gillnet,"",""
2,F,S,79,32,11,net,1,BC,S of Cape Caution,CDFO,Set Net,"",""
2,F,S,79,32,70,net,1,BC,S of Cape Caution,CDFO,Beach Seine,"",""
2,M, ,48,90,15,,1,BC,,CDFO,Mixed Net,"",""
2,M,N,05,10,33,troll,1,BC,N of Cape Caution,CDFO,Troll - Ice Boat,"",""
2,M,N,56,10,32,troll,1,BC,N of Cape Caution,CDFO,Troll - Day Boat,"",""
2,M,S,04,10,31,troll,1,BC,S of Cape Caution,CDFO,Troll - Freezer Boat,"",""
2,M,S,14,10,33,troll,1,BC,S of Cape Caution,CDFO,Troll - Ice Boat,"",""
2,M,S,17,10,31,troll,1,BC,S of Cape Caution,CDFO,Troll - Freezer Boat,"",""
2,M,S,51,23,20,net,1,BC,S of Cape Caution,WDFW,Reef Net,"",""
2,M,S,63,23,10,net,1,BC,S of Cape Caution,WDFW,Hook & Line,"",""
3,F,4,20,50,01,escp,209150,WA,Columbia,WDFW,Hatchery,"",""
3,F,1,05,50,01,escp,119896,WA,Puget Sound,WDFW,Hatchery,"",""
3,F,1,02,50,01,escp,79150,WA,Puget Sound,WDFW,Hatchery,"",""
3,F,1,03,50,01,escp,76865,WA,Puget Sound,WDFW,Hatchery,"",""
3,F,2,18,50,01,escp,75682,WA,Coastal,WDFW,Hatchery,"",""
3,F,2,17,50,01,escp,60780,WA,Coastal,WDFW,Hatchery,"",""
3,F,2,19,50,01,escp,55177,WA,Coastal,WDFW,Hatchery,"",""
3,F,1,04,50,01,escp,52342,WA,Puget Sound,WDFW,Hatchery,"",""
3,F,2,17,50,50,escp,45403,WA,Coastal,CDFW,Hatchery,"",""
3,F,1,04,50,50,escp,42390,WA,Puget Sound,CDFW,Hatchery,"",""
3,F,2,17,22,,net,39245,WA,Coastal,,,"",""
3,F,1,05,23,16,net,34858,WA,Puget Sound,WDFW,Set Gillnet,"",""
3,M,1,11,45,95,sport,21816,WA,Puget Sound,WDFW,Marine Sport,"",""
3,F,1,05,50,50,escp,20651,WA,Puget Sound,CDFW,Hatchery,"",""
3,M,3,21,41,95,sport,19734,WA,Ocean,WDFW,Marine Sport,"",""
3,M,3,21,42,95,sport,18824,WA,Ocean,WDFW,Marine Sport,"",""
3,M,3,22,41,95,sport,17745,WA,Ocean,WDFW,Marine Sport,"",""
3,M,1,05,23,12,net,17295,WA,Puget Sound,CDFO,Dip Net,"",""
3,M,3,24,15,40,troll,14249,WA,Ocean,WDFW,Treaty Troll,"",""
3,F,2,18,52,04,escp,13974,WA,Coastal,WDFW,Fish Trap,"",""
3,M,2,19,22,14,net,13939,WA,Coastal,WDFW,Non-treaty Drift Gillnet,"",""
3,F,2,18,22,,net,12876,WA,Coastal,,,"",""
3,M,1,05,23,52,net,12737,WA,Puget Sound,WDFW,Mixed Net,"",""
3,F,1,01,50,01,escp,11689,WA,Puget Sound,WDFW,Hatchery,"",""
3,M,1,04,23,16,net,10856,WA,Puget Sound,WDFW,Set Gillnet,"",""
3,M,1,04,23,12,net,10790,WA,Puget Sound,CDFO,Dip Net,"",""
3,F,1,08,50,50,escp,10486,WA,Puget Sound,CDFW,Hatchery,"",""
3,F,2,17,50,,escp,10411,WA,Coastal,,,"",""
3,F,1,02,23,17,net,10316,WA,Puget Sound,WDFW,Treaty Drift Gillnet,"",""
3,M,1,14,45,95,sport,10103,WA,Puget Sound,WDFW,Marine Sport,"",""
3,F,1,01,50,50,escp,9935,WA,Puget Sound,CDFW,Hatchery,"",""
3,F,1,02,52,04,escp,9848,WA,Puget Sound,WDFW,Fish Trap,"",""
3,F,1,05,23,17,net,9768,WA,Puget Sound,WDFW,Treaty Drift Gillnet,"",""
3,M,3,22,42,95,sport,9450,WA,Ocean,WDFW,Marine Sport,"",""
3,M,1,05,23,17,net,9224,WA,Puget Sound,WDFW,Treaty Drift Gillnet,"",""
3,M,3,24,42,95,sport,8750,WA,Ocean,WDFW,Marine Sport,"",""
3,F,1,05,23,49,net,7914,WA,Puget Sound,WDFW,Mixed Gillnet,"",""
3,M,4,20,42,95,sport,7835,WA,Columbia,WDFW,Marine Sport,"",""
3,M,1,03,23,52,net,7119,WA,Puget Sound,WDFW,Mixed Net,"",""
3,M,1,01,23,17,net,7114,WA,Puget Sound,WDFW,Treaty Drift Gillnet,"",""
3,M,1,07,23,17,net,7006,WA,Puget Sound,WDFW,Treaty Drift Gillnet,"",""
3,F,4,20,50,50,escp,6738,WA,Columbia,CDFW,Hatchery,"",""
3,M,1,01,23,49,net,6481,WA,Puget Sound,WDFW,Mixed Gillnet,"",""
3,F,2,17,22,49,net,5473,WA,Coastal,WDFW,Mixed Gillnet,"",""
3,M,1,03,23,17,net,5296,WA,Puget Sound,WDFW,Treaty Drift Gillnet,"",""
3,F,1,03,50,50,escp,4832,WA,Puget Sound,CDFW,Hatchery,"",""
3,M,1,13,45,95,sport,4787,WA,Puget Sound,WDFW,Marine Sport,"",""
3,M,1,01,23,52,net,4612,WA,Puget Sound,WDFW,Mixed Net,"",""
3,F,4,20,54,03,escp,4469,WA,Columbia,WDFW,Spawning Ground,"",""
3,M,2,18,22,14,net,4213,WA,Coastal,WDFW,Non-treaty Drift Gillnet,"",""
3,M,1,03,23,16,net,3750,WA,Puget Sound,WDFW,Set Gillnet,"",""
3,F,1,08,50,01,escp,3371,WA,Puget Sound,WDFW,Hatchery,"",""
3,F,1,04,52,04,escp,3265,WA,Puget Sound,WDFW,Fish Trap,"",""
3,M,1,02,23,17,net,3212,WA,Puget Sound,WDFW,Treaty Drift Gillnet,"",""
3,M,1,01,50,50,escp,3003,WA,Puget Sound,CDFW,Hatchery,"",""
3,M,3,23,42,95,sport,2997,WA,Ocean,WDFW,Marine Sport,"",""
3,M,1,05,23,16,net,2947,WA,Puget Sound,WDFW,Set Gillnet,"",""
3,M,1,07,23,52,net,2741,WA,Puget Sound,WDFW,Mixed Net,"",""
3,F,1,05,52,04,escp,2737,WA,Puget Sound,WDFW,Fish Trap,"",""
3,M,1,12,45,95,sport,2667,WA,Puget Sound,WDFW,Marine Sport,"",""
3,M,3,22,10,41,troll,2620,WA,Ocean,WDFW,Troll (Non-treaty),"",""
3,M,3,24,10,41,troll,2577,WA,Ocean,WDFW,Troll (Non-treaty),"",""
3,F,1,08,50,,escp,2513,WA,Puget Sound,,,"",""
3,M,3,23,15,40,troll,2320,WA,Ocean,WDFW,Treaty Troll,"",""
3,M,4,20,41,95,sport,2194,WA,Columbia,WDFW,Marine Sport,"",""
3,M,1,05,23,14,net,2153,WA,Puget Sound,WDFW,Non-treaty Drift Gillnet,"",""
3,F,4,20,46,96,sport,2078,WA,Columbia,WDFW,Freshwater Sport,"",""
3,F,1,01,23,17,net,1946,WA,Puget Sound,WDFW,Treaty Drift Gillnet,"",""
3,M,3,24,41,95,sport,1931,WA,Ocean,WDFW,Marine Sport,"",""
3,F,1,04,23,10,net,1899,WA,Puget Sound,WDFW,Hook & Line,"",""
3,F,2,17,53,,escp,1833,WA,Coastal,,,"",""
3,F,2,18,46,96,sport,1791,WA,Coastal,WDFW,Freshwater Sport,"",""
3,F,1,04,52,03,escp,1629,WA,Puget Sound,WDFW,Spawning Ground,"",""
3,M,1,03,23,49,net,1609,WA,Puget Sound,WDFW,Mixed Gillnet,"",""
3,M,1,04,23,17,net,1606,WA,Puget Sound,WDFW,Treaty Drift Gillnet,"",""
3,F,1,05,50,,escp,1605,WA,Puget Sound,,,"",""
3,M,1,05,23,19,net,1603,WA,Puget Sound,WDFW,Non-treaty Purse Seine,"",""
3,M,1,04,23,52,net,1567,WA,Puget Sound,WDFW,Mixed Net,"",""
3,F,2,17,23,16,net,1522,WA,Coastal,WDFW,Set Gillnet,"",""
3,M,1,01,23,14,net,1481,WA,Puget Sound,WDFW,Non-treaty Drift Gillnet,"",""
3,F,1,04,23,16,net,1475,WA,Puget Sound,WDFW,Set Gillnet,"",""
3,F,4,20,52,04,escp,1474,WA,Columbia,WDFW,Fish Trap,"",""
3,F,1,04,23,11,net,1394,WA,Puget Sound,WDFW,Dip Bag Net,"",""
3,F,1,08,23,16,net,1354,WA,Puget Sound,WDFW,Set Gillnet,"",""
3,M,3,21,10,41,troll,1348,WA,Ocean,WDFW,Troll (Non-treaty),"",""
3,F,2,17,24,,net,1293,WA,Coastal,,,"",""
3,M,1,07,23,29,net,1268,WA,Puget Sound,WDFW,Treaty Purse Seine,"",""
3,M,1,05,23,29,net,1206,WA,Puget Sound,WDFW,Treaty Purse Seine,"",""
3,F,1,02,54,03,escp,1202,WA,Puget Sound,WDFW,Spawning Ground,"",""
3,M,3,23,10,41,troll,1155,WA,Ocean,WDFW,Troll (Non-treaty),"",""
3,F,2,18,22,17,net,1141,WA,Coastal,WDFW,Treaty Drift Gillnet,"",""
3,F,1,05,54,03,escp,1134,WA,Puget Sound,WDFW,Spawning Ground,"",""
3,F,2,17,24,16,net,992,WA,Coastal,NWIFC,Set Gillnet,"",""
3,F,2,17,22,17,net,991,WA,Coastal,WDFW,Treaty Drift Gillnet,"",""
3,M,1,64,23,16,net,874,WA,Puget Sound,WDFW,Set Gillnet,"",""
3,M,2,18,43,95,sport,833,WA,Coastal,WDFW,Marine Sport,"",""
3,M,3,23,41,95,sport,767,WA,Ocean,WDFW,Marine Sport,"",""
3,F,1,01,50,,escp,733,WA,Puget Sound,,,"",""
3,M,1,15,45,95,sport,675,WA,Puget Sound,WDFW,Marine Sport,"",""
3,F,1,02,23,16,net,666,WA,Puget Sound,WDFW,Set Gillnet,"",""
3,M,1,04,23,14,net,660,WA,Puget Sound,WDFW,Non-treaty Drift Gillnet,"",""
3,F,1,02,23,49,net,653,WA,Puget Sound,WDFW,Mixed Gillnet,"",""
3,M,1,04,23,49,net,643,WA,Puget Sound,WDFW,Mixed Gillnet,"",""
3,M,2,18,40,95,sport,628,WA,Coastal,WDFW,Marine Sport,"",""
3,M,1,07,23,19,net,622,WA,Puget Sound,WDFW,Non-treaty Purse Seine,"",""
3,M,1,03,23,12,net,583,WA,Puget Sound,CDFO,Dip Net,"",""
3,M,2,19,40,95,sport,566,WA,Coastal,WDFW,Marine Sport,"",""
3,F,2,18,54,03,escp,561,WA,Coastal,WDFW,Spawning Ground,"",""
3,M,1,06,23,16,net,553,WA,Puget Sound,WDFW,Set Gillnet,"",""
3,M,1,07,23,14,net,539,WA,Puget Sound,WDFW,Non-treaty Drift Gillnet,"",""
3,M,1,05,62,19,,536,WA,Puget Sound,WDFW,Non-treaty Purse Seine,"",""
3,F,1,03,50,,escp,527,WA,Puget Sound,,,"",""
3,F,1,04,23,52,net,441,WA,Puget Sound,WDFW,Mixed Net,"",""
3,M,1,08,23,52,net,438,WA,Puget Sound,WDFW,Mixed Net,"",""
3,M,2,18,42,95,sport,401,WA,Coastal,WDFW,Marine Sport,"",""
3,M,1,03,23,15,net,398,WA,Puget Sound,CDFO,Mixed Net,"",""
3,M,3,22,40,95,sport,393,WA,Ocean,WDFW,Marine Sport,"",""
3,M,1,08,23,16,net,381,WA,Puget Sound,WDFW,Set Gillnet,"",""
3,F,2,17,54,,escp,367,WA,Coastal,,,"",""
3,F,2,18,22,14,net,365,WA,Coastal,WDFW,Non-treaty Drift Gillnet,"",""
3,M,1,01,50,,escp,357,WA,Puget Sound,,,"",""
3,F,4,20,63,98,,352,WA,Columbia,WDFW,Pound Net Trap,"",""
3,M,1,03,23,14,net,349,WA,Puget Sound,WDFW,Non-treaty Drift Gillnet,"",""
3,F,1,04,54,03,escp,348,WA,Puget Sound,WDFW,Spawning Ground,"",""
3,F,1,02,46,96,sport,343,WA,Puget Sound,WDFW,Freshwater Sport,"",""
3,M,1,03,23,19,net,333,WA,Puget Sound,WDFW,Non-treaty Purse Seine,"",""
3,F,1,03,54,54,escp,328,WA,Puget Sound,QUIL,Spawning Ground,"",""
3,M,1,05,23,49,net,321,WA,Puget Sound,WDFW,Mixed Gillnet,"",""
3,M,3,24,40,95,sport,293,WA,Ocean,WDFW,Marine Sport,"",""
3,M,3,22,15,40,troll,284,WA,Ocean,WDFW,Treaty Troll,"",""
3,M,1,02,23,16,net,253,WA,Puget Sound,WDFW,Set Gillnet,"",""
3,M,3,21,40,95,sport,245,WA,Ocean,WDFW,Marine Sport,"",""
3,M,1,08,23,14,net,230,WA,Puget Sound,WDFW,Non-treaty Drift Gillnet,"",""
3,F,1,05,46,96,sport,229,WA,Puget Sound,WDFW,Freshwater Sport,"",""
3,M,1,04,23,19,net,227,WA,Puget Sound,WDFW,Non-treaty Purse Seine,"",""
3,F,1,03,53,53,escp,219,WA,Puget Sound,NWIFC,Brood Stocking,"",""
3,F,4,20,24,11,net,216,WA,Columbia,CCT,Dip Bag Net,"",""
3,F,2,17,52,04,escp,212,WA,Coastal,WDFW,Fish Trap,"",""
3,M,1,01,23,29,net,212,WA,Puget Sound,WDFW,Treaty Purse Seine,"",""
3,M,1,03,23,29,net,204,WA,Puget Sound,WDFW,Treaty Purse Seine,"",""
3,M,1,06,79,32,,202,WA,Puget Sound,WDFW,Otter Trawl,"",""
3,M,4,20,40,95,sport,197,WA,Columbia,WDFW,Marine Sport,"",""
3,M,3,21,43,95,sport,190,WA,Ocean,WDFW,Marine Sport,"",""
3,M,1,02,23,52,net,173,WA,Puget Sound,WDFW,Mixed Net,"",""
3,F,2,19,54,03,escp,171,WA,Coastal,WDFW,Spawning Ground,"",""
3,F,1,04,23,17,net,166,WA,Puget Sound,WDFW,Treaty Drift Gillnet,"",""
3,F,1,05,54,54,escp,151,WA,Puget Sound,QUIL,Spawning Ground,"",""
3,F,2,17,22,14,net,147,WA,Coastal,WDFW,Non-treaty Drift Gillnet,"",""
3,F,1,05,23,52,net,135,WA,Puget Sound,WDFW,Mixed Net,"",""
3,F,1,04,46,96,sport,133,WA,Puget Sound,WDFW,Freshwater Sport,"",""
3,M,1,07,23,20,net,117,WA,Puget Sound,WDFW,Reef Net,"",""
3,M,1,01,23,19,net,115,WA,Puget Sound,WDFW,Non-treaty Purse Seine,"",""
3,M,1,04,57,02,escp,106,WA,Puget Sound,WDFW,Wild Broodstock Collection,"",""
3,M,3,25,15,40,troll,106,WA,Ocean,WDFW,Treaty Troll,"",""
3,M,1,01,23,16,net,103,WA,Puget Sound,WDFW,Set Gillnet,"",""
3,M,4,20,43,95,sport,99,WA,Columbia,WDFW,Marine Sport,"",""
3,M,2,18,41,95,sport,96,WA,Coastal,WDFW,Marine Sport,"",""
3,F,2,17,54,03,escp,93,WA,Coastal,WDFW,Spawning Ground,"",""
3,M,1,05,61,16,,81,WA,Puget Sound,WDFW,Set Gillnet,"",""
3,F,1,03,23,52,net,79,WA,Puget Sound,WDFW,Mixed Net,"",""
3,M,1,02,23,12,net,77,WA,Puget Sound,CDFO,Dip Net,"",""
3,M,1,65,62,19,,75,WA,Puget Sound,WDFW,Non-treaty Purse Seine,"",""
3,M,1,06,23,19,net,68,WA,Puget Sound,WDFW,Non-treaty Purse Seine,"",""
3,M,1,02,23,19,net,64,WA,Puget Sound,WDFW,Non-treaty Purse Seine,"",""
3,M,1,05,79,32,,64,WA,Puget Sound,WDFW,Otter Trawl,"",""
3,F,1,03,54,03,escp,63,WA,Puget Sound,WDFW,Spawning Ground,"",""
3,F,2,17,57,,escp,62,WA,Coastal,,,"",""
3,M,1,05,62,29,,59,WA,Puget Sound,WDFW,Treaty Purse Seine,"",""
3,F,1,03,23,16,net,53,WA,Puget Sound,WDFW,Set Gillnet,"",""
3,M,1,06,62,29,,48,WA,Puget Sound,WDFW,Treaty Purse Seine,"",""
3,F,1,02,52,03,escp,44,WA,Puget Sound,WDFW,Spawning Ground,"",""
3,M,1,02,23,49,net,44,WA,Puget Sound,WDFW,Mixed Gillnet,"",""
3,M,1,04,23,10,net,43,WA,Puget Sound,WDFW,Hook & Line,"",""
3,F,1,01,46,96,sport,42,WA,Puget Sound,WDFW,Freshwater Sport,"",""
3,M,1,06,23,52,net,42,WA,Puget Sound,WDFW,Mixed Net,"",""
3,M,2,19,61,14,,42,WA,Coastal,WDFW,Non-treaty Drift Gillnet,"",""
3,F,1,05,23,12,net,39,WA,Puget Sound,CDFO,Dip Net,"",""
3,F,2,17,46,96,sport,37,WA,Coastal,WDFW,Freshwater Sport,"",""
3,F,1,01,54,03,escp,35,WA,Puget Sound,WDFW,Spawning Ground,"",""
3,M,1,02,23,14,net,34,WA,Puget Sound,WDFW,Non-treaty Drift Gillnet,"",""
3,M,3,26,15,40,troll,34,WA,Ocean,WDFW,Treaty Troll,"",""
3,F,2,17,53,02,escp,32,WA,Coastal,WDFW,Wild Broodstock Collection,"",""
3,M,3,23,40,95,sport,31,WA,Ocean,WDFW,Marine Sport,"",""
3,F,4,20,54,04,escp,30,WA,Columbia,WDFW,Fish Trap,"",""
3,F,2,18,54,,escp,28,WA,Coastal,,,"",""
3,F,1,04,23,12,net,27,WA,Puget Sound,CDFO,Dip Net,"",""
3,F,1,02,23,52,net,26,WA,Puget Sound,WDFW,Mixed Net,"",""
3,F,1,04,54,54,escp,25,WA,Puget Sound,QUIL,Spawning Ground,"",""
3,M,1,04,23,11,net,25,WA,Puget Sound,WDFW,Dip Bag Net,"",""
3,F,1,03,23,17,net,22,WA,Puget Sound,WDFW,Treaty Drift Gillnet,"",""
3,F,1,03,52,04,escp,22,WA,Puget Sound,WDFW,Fish Trap,"",""
3,F,4,20,54,54,escp,22,WA,Columbia,QUIL,Spawning Ground,"",""
3,F,1,08,46,96,sport,21,WA,Puget Sound,WDFW,Freshwater Sport,"",""
3,F,2,18,22,16,net,20,WA,Coastal,QDNR,Coastal Net,"",""
3,M,1,06,23,29,net,19,WA,Puget Sound,WDFW,Treaty Purse Seine,"",""
3,M,1,07,23,16,net,19,WA,Puget Sound,WDFW,Set Gillnet,"",""
3,M,1,06,62,19,,17,WA,Puget Sound,WDFW,Non-treaty Purse Seine,"",""
3,F,4,20,53,02,escp,16,WA,Columbia,WDFW,Wild Broodstock Collection,"",""
3,F,1,02,54,04,escp,15,WA,Puget Sound,WDFW,Fish Trap,"",""
3,F,4,20,57,19,escp,15,WA,Columbia,CCT,Non-treaty Purse Seine,"",""
3,F,1,05,52,52,escp,14,WA,Puget Sound,NMFS,Fish Trap,"",""
3,M,1,07,23,49,net,14,WA,Puget Sound,WDFW,Mixed Gillnet,"",""
3,F,1,08,54,54,escp,12,WA,Puget Sound,QUIL,Spawning Ground,"",""
3,M,2,18,800,800,,11,WA,Coastal,NMFSNWR,Shoreside Midwater Trawl Bycatch,"",""
3,F,1,02,23,29,net,10,WA,Puget Sound,WDFW,Treaty Purse Seine,"",""
3,F,4,20,24,16,net,10,WA,Columbia,NWIFC,Set Gillnet,"",""
3,F,2,19,46,96,sport,9,WA,Coastal,WDFW,Freshwater Sport,"",""
3,F,1,03,46,96,sport,8,WA,Puget Sound,WDFW,Freshwater Sport,"",""
3,F,4,20,54,,escp,8,WA,Columbia,,,"",""
3,F,1,03,24,24,net,7,WA,Puget Sound,CCT,Freshwater Net (mixed),"",""
3,F,2,17,23,52,net,7,WA,Coastal,WDFW,Mixed Net,"",""
3,F,4,20,47,97,sport,7,WA,Columbia,WDFW,Freshwater Sport Snagging,"",""
3,F,2,17,23,10,net,6,WA,Coastal,WDFW,Hook & Line,"",""
3,M,1,05,72,12,,6,WA,Puget Sound,WDFW,Juvenile Sampling - Seine,"",""
3,M,1,06,23,17,net,6,WA,Puget Sound,WDFW,Treaty Drift Gillnet,"",""
3,F,1,01,23,16,net,5,WA,Puget Sound,WDFW,Set Gillnet,"",""
3,F,1,02,23,14,net,5,WA,Puget Sound,WDFW,Non-treaty Drift Gillnet,"",""
3,M,1,02,72,12,,5,WA,Puget Sound,WDFW,Juvenile Sampling - Seine,"",""
3,F,1,08,23,17,net,4,WA,Puget Sound,WDFW,Treaty Drift Gillnet,"",""
3,F,2,17,54,54,escp,4,WA,Coastal,QUIL,Spawning Ground,"",""
3,F,4,20,24,19,net,4,WA,Columbia,CCT,Non-treaty Purse Seine,"",""
3,M,2,19,42,95,sport,4,WA,Coastal,WDFW,Marine Sport,"",""
3,F,1,01,23,49,net,3,WA,Puget Sound,WDFW,Mixed Gillnet,"",""
3,F,1,04,52,52,escp,3,WA,Puget Sound,NMFS,Fish Trap,"",""
3,F,1,04,23,14,net,2,WA,Puget Sound,WDFW,Non-treaty Drift Gillnet,"",""
3,F,1,08,54,03,escp,2,WA,Puget Sound,WDFW,Spawning Ground,"",""
3,M,1,04,23,29,net,2,WA,Puget Sound,WDFW,Treaty Purse Seine,"",""
3,M,1,04,50,50,escp,2,WA,Puget Sound,CDFW,Hatchery,"",""
3,M,1,07,23,10,net,2,WA,Puget Sound,WDFW,Hook & Line,"",""
3,M,1,08,72,13,,2,WA,Puget Sound,NMFS,Juvenile Sampling - Beach Seine,"",""
3,M,1,65,62,29,,2,WA,Puget Sound,WDFW,Treaty Purse Seine,"",""
3,F,1,03,52,52,escp,1,WA,Puget Sound,NMFS,Fish Trap,"",""
3,F,1,06,54,03,escp,1,WA,Puget Sound,WDFW,Spawning Ground,"",""
3,F,1,08,52,52,escp,1,WA,Puget Sound,NMFS,Fish Trap,"",""
3,F,1,08,53,02,escp,1,WA,Puget Sound,WDFW,Wild Broodstock Collection,"",""
3,F,1,08,53,53,escp,1,WA,Puget Sound,NWIFC,Brood Stocking,"",""
3,F,1,08,54,04,escp,1,WA,Puget Sound,WDFW,Fish Trap,"",""
3,F,2,19,22,14,net,1,WA,Coastal,WDFW,Non-treaty Drift Gillnet,"",""
3,F,4,20,50,04,escp,1,WA,Columbia,WDFW,Fish Trap,"",""
3,M,*,20,10,41,troll,1,WA,,WDFW,Troll (Non-treaty),"",""
3,M,1,01,72,12,,1,WA,Puget Sound,WDFW,Juvenile Sampling - Seine,"",""
3,M,1,02,23,10,net,1,WA,Puget Sound,WDFW,Hook & Line,"",""
3,M,1,03,79,32,,1,WA,Puget Sound,WDFW,Otter Trawl,"",""
3,M,1,07,23,12,net,1,WA,Puget Sound,CDFO,Dip Net,"",""
3,M,1,08,23,12,net,1,WA,Puget Sound,CDFO,Dip Net,"",""
3,M,2,19,800,800,,1,WA,Coastal,NMFSNWR,Shoreside Midwater Trawl Bycatch,"",""
3,M,3,24,43,95,sport,1,WA,Ocean,WDFW,Marine Sport,"",""
3,M,3,26,15,10,troll,1,WA,Ocean,WDFW,Hook & Line,"",""
4,F,-,17,46,,sport,9,ID,,,,"",""
5,F,3,32,50,21,escp,110855,OR,Columbia,ODFW,ODFW Hatcheries,"",""
5,F,2,22,50,21,escp,105775,OR,Coastal,ODFW,ODFW Hatcheries,"",""
5,F,3,32,21,13,net,72734,OR,Columbia,ODFW,Columbia River Gillnet,"",""
5,M,2,22,40,11,sport,55478,OR,Coastal,ODFW,Ocean Sport,"",""
5,F,2,21,50,23,escp,51785,OR,Coastal,ODFW,Oregon Private Hatcheries,"",""
5,M,2,22,10,10,troll,33231,OR,Coastal,ODFW,Ocean Troll,"",""
5,F,3,33,50,50,escp,15198,OR,Columbia,CDFW,Hatchery,"",""
5,F,3,34,21,13,net,9528,OR,Columbia,ODFW,Columbia River Gillnet,"",""
5,F,3,32,45,32,sport,9188,OR,Columbia,ODFW,Estuary Sport,"",""
5,F,2,22,52,24,escp,4004,OR,Coastal,ODFW,Fish Trap,"",""
5,F,3,34,52,24,escp,3288,OR,Columbia,ODFW,Fish Trap,"",""
5,F,3,34,50,21,escp,2744,OR,Columbia,ODFW,ODFW Hatcheries,"",""
5,F,2,22,50,22,escp,2380,OR,Coastal,ODFW,Other Oregon Hatcheries,"",""
5,F,3,32,50,22,escp,1706,OR,Columbia,ODFW,Other Oregon Hatcheries,"",""
5,F,2,22,45,32,sport,1173,OR,Coastal,ODFW,Estuary Sport,"",""
5,F,3,34,50,22,escp,918,OR,Columbia,ODFW,Other Oregon Hatcheries,"",""
5,F,2,22,54,18,escp,827,OR,Coastal,ODFW,Spawning Ground Survey,"",""
5,F,3,32,44,12,sport,748,OR,Columbia,ODFW,Columbia River Sport,"",""
5,F,3,32,54,18,escp,368,OR,Columbia,ODFW,Spawning Ground Survey,"",""
5,F,3,32,61,15,,264,OR,Columbia,ODFW,Columbia River Test,"",""
5,F,2,22,46,27,sport,196,OR,Coastal,ODFW,Freshwater Sport,"",""
5,F,3,32,25,72,net,191,OR,Columbia,ODFW,Columbia R Purse Seine,"",""
5,M,*,22,72,19,,158,OR,,ODFW,OSU Experimental Ocean Purse Seine,"",""
5,F,3,34,46,27,sport,143,OR,Columbia,ODFW,Freshwater Sport,"",""
5,M,2,22,64,45,,136,OR,Coastal,ODFW,Test Fishery Unknown Multiple Gear,"",""
5,M,2,22,72,19,,134,OR,Coastal,ODFW,OSU Experimental Ocean Purse Seine,"",""
5,F,3,34,46,40,sport,109,OR,Columbia,ODFW,Mid-Columbia River Sport,"",""
5,F,3,33,50,21,escp,99,OR,Columbia,ODFW,ODFW Hatcheries,"",""
5,F,2,22,27,36,net,97,OR,Coastal,ODFW,River Seine (non-Columbia),"",""
5,F,3,32,25,71,net,69,OR,Columbia,ODFW,Columbia R Beach Seine,"",""
5,F,2,22,46,41,sport,66,OR,Coastal,ODFW,Salmon River Sport,"",""
5,F,3,34,54,18,escp,59,OR,Columbia,ODFW,Spawning Ground Survey,"",""
5,F,2,22,73,28,,36,OR,Coastal,ODFW,Juvenile Sampling - Seine,"",""
5,F,3,33,54,18,escp,34,OR,Columbia,ODFW,Spawning Ground Survey,"",""
5,F,3,32,46,27,sport,16,OR,Columbia,ODFW,Freshwater Sport,"",""
5,F,3,32,73,28,,14,OR,Columbia,ODFW,Juvenile Sampling - Seine,"",""
5,M,2,22,800,800,,11,OR,Coastal,NMFSNWR,Shoreside Midwater Trawl Bycatch,"",""
5,F,3,34,46,26,sport,7,OR,Columbia,ODFW,Deschutes River Sport,"",""
5,M,2,22,85,30,,7,OR,Coastal,ODFW,Ocean Trawl Bycatch,"",""
5,M,2,22,85,34,,4,OR,Coastal,ODFW,Pacific Hake Bycatch,"",""
5,F,2,22,46,47,sport,3,OR,Coastal,CDFO,Freshwater Sport,"",""
5,F,3,35,52,24,escp,3,OR,Columbia,ODFW,Fish Trap,"",""
5,F,3,33,52,24,escp,2,OR,Columbia,ODFW,Fish Trap,"",""
5,F,3,32,93,31,,1,OR,Columbia,ODFW,Columbia River Set Line (Sturgeon),"",""
5,F,3,35,50,21,escp,1,OR,Columbia,ODFW,ODFW Hatcheries,"",""
5,F,3,35,54,18,escp,1,OR,Columbia,ODFW,Spawning Ground Survey,"",""
5,F,4,20,46,27,sport,1,OR,,ODFW,Freshwater Sport,"",""
5,M,2,22,69,37,,1,OR,Coastal,ODFW,Test Fishery Recreational Bay,"",""
5,M,2,22,85,33,,1,OR,Coastal,ODFW,Pacific High Seas,"",""
6,M,O,  ,40,03,sport,5898,CA,Ocean,CDFW,Sport,"",""
6,M,O,  ,10,,troll,3666,CA,Ocean,,,"",""
6,M,O,  ,40,,sport,27,CA,Ocean,,,"",""
6,M,O,  ,10,00,troll,25,CA,Ocean,CDFW,Commercial Troll,"",""
6,F,C,SA,50,,escp,6,CA,Central Valley,,,"",""
6,F,K,KL,33,YS,net,3,CA,Klamath-Trinity,YTFP,Yurok Set Net,"",""
6,F,K,KL,23,,net,1,CA,Klamath-Trinity,,,"",""
6,F,K,KL,24,YS,net,1,CA,Klamath-Trinity,YTFP,Yurok Set Net,"",""
6,F,K,KL,33,YD,net,1,CA,Klamath-Trinity,YTFP,Yurok Drift Gillnet,"",""
7,M,1,  ,80,802,,175,HS,,NMFS,At-Sea Hake Midwater Trawl Bycatch,"",""
7,M,3,  ,88,74,,109,HS,,NMFS,Juvenile Sampling - Trawl,"",""
7,M,2,  ,83,833,,89,HS,,NMFS,Research Trawl,"",""
7,M,1,  ,83,833,,26,HS,,NMFS,Research Trawl,"",""
7,M,3,  ,83,831,,20,HS,,NMFS,Research Gillnet,"",""
7,M,3,  ,74,74,,18,HS,,NMFS,Juvenile Sampling - Trawl,"",""
7,M,3,  ,83,833,,18,HS,,NMFS,Research Trawl,"",""
7,M, ,  ,85,32,,15,HS,,WDFW,Ocean Trawl,"",""
7,M,3,  ,81,801,,3,HS,,NMFS,Trawl Bycatch,"",""
7,M,3,  ,88,,,3,HS,,,,"",""
7,M,6,  ,87,87,,2,HS,,NMFS,Squid Gillnet Bycatch,"",""
7,M,1,  ,803,803,,1,HS,,NMFS,At-Sea Bottom Trawl Bycatch,"",""
7,M,3,  ,83,,,1,HS,,,,"",""
7,M,3,  ,812,801,,1,HS,,NMFS,Trawl Bycatch,"",""
7,M,4,  ,82,801,,1,HS,,NMFS,At-Sea Trawl Bycatch,"",""
7,M,5,  ,83,832,,1,HS,,NMFS,Research Longline,"",""
7,M,5,  ,87,87,,1,HS,,NMFS,Squid Gillnet Bycatch,"",""
7,M,6,  ,83,834,,1,HS,,NMFS,Research Squid Driftnet,"",""
